ID,Sequence,BBB_label
P_1,CHPPR,1
P_2,PGPLP,1
P_3,YPLGK,1
P_4,YPWKF,1
P_5,YPWGF,1
P_6,YRKAG,1
P_7,CGKRK,1
P_8,VQIYK,1
P_9,CCAQK,1
P_10,CKFFD,1
P_11,EHFKF,1
P_12,LGSVS,1
P_13,PYRHP,1
P_14,QRFSR,1
P_15,SHAVS,1
P_16,SKDYN,1
P_17,SVHGV,1
P_18,VPDPR,1
P_19,YAFFN,1
P_20,YAGFA,1
P_21,YAGFL,1
P_22,YGGFL,1
P_23,YGGFM,1
P_24,YPFPG,1
P_25,VQIIYK,1
P_26,VQILYK,1
P_27,VQITYK,1
P_28,VQIVYK,1
P_29,CWDPVL,1
P_30,CYFQNC,1
P_31,DGGLAG,1
P_32,DVAKVS,1
P_33,IGTLTT,1
P_34,KIPYIL,1
P_35,MEHFRW,1
P_36,PFVYLI,1
P_37,RKPWLL,1
P_38,SHAVSS,1
P_39,VVYPWT,1
P_40,YAGFLL,1
P_41,YAGFLR,1
P_42,YAGFNA,1
P_43,YGGFLR,1
P_44,YRFSAR,1
P_45,NTGSPYE,1
P_46,AGILKRW,1
P_47,CDTPPVC,1
P_48,CYFQNCP,1
P_49,HAIYPRH,1
P_50,LVVYPWT,1
P_51,MEHFPGP,1
P_52,NTGSPYE,1
P_53,SGTQEEY,1
P_54,SLSHSPQ,1
P_55,SYPGWSW,1
P_56,YACHCFF,1
P_57,YACPCFF,1
P_58,YAFDVVG,1
P_59,YAFEVVG,1
P_60,YAFGYPK,1
P_61,YAFGYPS,1
P_62,YAFQAVG,1
P_63,YAFQVVG,1
P_64,YAFSAVG,1
P_65,YAFSVVG,1
P_66,YCGFCSG,1
P_67,YGGFLRC,1
P_68,YGLCGFL,1
P_69,YPENGFC,1
P_70,YPWTQRF,1
P_71,YTGFLSN,1
P_72,ASTTTNYT,1
P_73,CAVRPYIL,1
P_74,CYFQNCPR,1
P_75,DMTRFNMK,1
P_76,DYMGWMDF,1
P_77,FCFWKTCT,1
P_78,FCYWKVCT,1
P_79,GANYPFF,1
P_80,GANYPFP,1
P_81,HRPYIAHC,1
P_82,KYAFEVVG,1
P_83,LLVVYPWT,1
P_84,NAPVSIPQ,1
P_85,NFDVLTEQ,1
P_86,RCAVPYIL,1
P_87,RRNPYIL,1
P_88,RYAFEVVG,1
P_89,TPPVSHAV,1
P_90,NPNDKYEPF,1
P_91,APYAFEVVG,1
P_92,CYFQNCPRG,1
P_93,CYIQNCPLG,1
P_94,KKYAFEVVG,1
P_95,KLSSIESDV,1
P_96,PPYAFEVVG,1
P_97,RRYAFEVVG,1
P_98,VVYPWTQRF,1
P_99,WAGGDASGE,1
P_100,YPENGFPEN,1
P_101,DRVYIHPFHL,1
P_102,FCYWKVCTNH,1
P_103,FCYWKVCWNH,1
P_104,FYPENGFPEN,1
P_105,GNLWATGHFM,1
P_106,LRKLRKRLLR,1
P_107,RRLSYSRRRF,1
P_108,SGRKSSKMQA,1
P_109,VQQLTKRFSL,1
P_110,YAGNMEFGH,1
P_111,YPENGFCRPA,1
P_112,YPENGFPENF,1
P_113,YSMVFVGIKL,1
P_114,YWAGGDASGE,1
P_115,YGRKKRRQRRR,1
P_116,FCYWRTPENTN,1
P_117,GFVRFRLSNTR,1
P_118,MELANTANII,1
P_119,RLTRKRGLKLA,1
P_120,RPKPQQFFGLM,1
P_121,RRRRRRRRRRR,1
P_122,YCYCLAGFNA,1
P_123,YGRKKRRQRRR,1
P_124,YGRRARRRRRR,1
P_125,YPENGFPENFA,1
P_126,YPENGFPENRG,1
P_127,TGNYKALHPHNG,1
P_128,CDIFTNSRGKRA,1
P_129,DAAESVLVGTVR,1
P_130,DMTDCITFNMKN,1
P_131,DSSHAFTLDELR,1
P_132,GLHTSATNLYLH,1
P_133,GRPQKINGARVC,1
P_134,HLNILSTLWKYR,1
P_135,ISNRSHKGLMVG,1
P_136,KISHLLNYRTWL,1
P_137,KKPYILKKPYIL,1
P_138,KVAWRVFSLFWK,1
P_139,MRWFFSHASQGR,1
P_140,PWVPSWMPPRHT,1
P_141,PYRHWSYGLRPG,1
P_142,PYRNCPHRCPRG,1
P_143,QSHYRHISPAQV,1
P_144,RKRIRLVTKKKR,1
P_145,RLSSVDSDLSGC,1
P_146,RPRTRLHTHRNR,1
P_147,RRPAPLIMFRMI,1
P_148,RSTASTSYPFFF,1
P_149,SLKPAANLPLRF,1
P_150,SRYSIGGNNGVT,1
P_151,THRPPMWSPVWP,1
P_152,VAARTGEIYVPW,1
P_153,YAGCLFNHFGAY,1
P_154,YAGFNHNHFGAY,1
P_155,YAWGGGWVLQWF,1
P_156,YNQSLLQGYRYW,1
P_157,YPENGPFFPENF,1
P_158,YPENGPIFPENF,1
P_159,ELYENKPRRPYIL,1
P_160,ELYENLPRRPYIL,1
P_161,FCYWRNTPENTN,1
P_162,MPEGYPENGFPEN,1
P_163,PWVPSWMPPRHTN,1
P_164,RKRIRLVTKKKRR,1
P_165,SYSMEHFRWGKPV,1
P_166,THRPPMWSPVWPN,1
P_167,TNHRPPMWSPVWP,1
P_168,YGGFLRRIRPKLK,1
P_169,YPENGPRFPENF,1
P_170,YPENGPCLFPENF,1
P_171,RLLRLLRRRRRRRR,1
P_172,AGCKNFFWKTFTSC,1
P_173,DVQPPGLKVWSDPF,1
P_174,KLFMALVAFLRFLT,1
P_175,VSRRRRRRGGRRRR,1
P_176,PYRLYENKPRRPWIL,1
P_177,RQIKIWFQNRRMKWKK,1
P_178,PACAPYGRKKRRQRRR,1
P_179,RQIKIWFQNRRMKWKK,1
P_180,RRRRRRRCCKNYKKTEV,1
P_181,CGFLGGRRRGFGGIGGC,1
P_182,YASPKSFRYPNGVLACT,1
P_183,YGRKKRRQRRRPKDNEER,1
P_184,LQVYGDGDHNGLYADNVN,1
P_185,RGGRLSYSRRRFSTSTGR,1
P_186,CNCKAPETALCARRCQQH,1
P_187,GLWEDLLYNINRYAHYIT,1
P_188,LLIILRRRIRKQAHAHSK,1
P_189,LRKLRKRLLLRKLRKRLL,1
P_190,RGGRLSYSRRRFSTSTGR,1
P_191,VRLPPPVKLPPPVRLPPP,1
P_192,VRLPPPVRLPPPVRPPP,1
P_193,VRLPPPVLPPPVRLPPP,1
P_194,VRPPPVRLPPPKRLPPP,1
P_195,VRPPPVRLPPPVRKPPP,1
P_196,VRPPPVRLPPPVRLPPP,1
P_197,YAGFLRSSRRLSYSRRRF,1
P_198,GRKKRRQRRRCSTRIRRQL,1
P_199,RRRQRRKKRGYAGQWGESV,1
P_200,YGRKKRRQRRRLPGKETMA,1
P_201,CTFFYGGSRGKRNNFKTEE,1
P_202,DFDMLRCMLGRVFRPCWQY,1
P_203,DFDMLRCMLGRVYRPCWQV,1
P_204,DPQILMGVLRSIRGFGVKL,1
P_205,GKPRPYSPRPTSHPRPIRV,1
P_206,HGLASTLTRWAHYNALIRA,1
P_207,LYVLHSRGLWGFKLAAALE,1
P_208,TFFYGGCRGKRNNFKTEEY,1
P_209,TFFYGGSRGKRNNFKTEEY,1
P_210,TFFYGGSRGKRNNFRTEEY,1
P_211,TFFYGGSRGRRNNFRTEEY,1
P_212,VDKPPYLPRPRPPRRIYNR,1
P_213,YGRKKRRQRRRKLSSIESDV,1
P_214,GKPRHYPYSPRPTSHPRPIR,1
P_215,HGLASTLTRWAHYNALIRAF,1
P_216,TWPKHFDKHTFYSILKLGKH,1
P_217,GRKKRRQRRRRPKRPTTLNLF,1
P_218,KPASADGHRGYGRKKRRQRRR,1
P_219,YGRKKRRQRRRCSEPTLDVKI,1
P_220,YGRKKRRQRRRGEPHKFKREW,1
P_221,YGRKKRRQRRRGEPHRFRREW,1
P_222,YGRKKRRQRRRSFNSYELGSL,1
P_223,AGYLLGKINLKALAALAKKIL,1
P_224,AGYLLGKINLKPLAALAKKIL,1
P_225,CSCSSLMDKECVYFCHLDIIW,1
P_226,NSRQIKIWFQNRRMKWKKGSS,1
P_227,YGRKKRRQRRRTALDWSLWQTE,1
P_228,GANNNRPVYIPRPRPPHPRL,1
P_229,YGRKKRRQRRGVPRGLYDGVCEV,1
P_230,YGRKKRRQRRRCCPGECVRTRRR,1
P_231,YGRKKRRQRRRRVCACPGRDRRT,1
P_232,FNAPFDVGIKLSGAQYQQHGRAL,1
P_233,FNAPFDVGIKLSGVQYQQHSQAL,1
P_234,HGLASTLTRWAHYNALIRAFGGG,1
P_235,KSKAINVLRGFRKEIGRMLNILN,1
P_236,TEELRVRLASHLRKLRKRLLRDA,1
P_237,YKVNEYQGPVAPSGGFFLFRPRN,1
P_238,RRRRRRRRRARSRLAELRGVPRGL,1
P_239,YGRKKRRQRRKEIVSRNKRRYQED,1
P_240,YGRKKRRQRRRKKNRNKLRRQHSY,1
P_241,YGRKKRRQRRRNRRRNSKLQHKKY,1
P_242,KIKKVKKKGRKGSKIKKVKKKGRK,1
P_243,CKGKGAKCSRLYDCCTGSCRSGKC,1
P_244,PTLHTHNRRRRRRPRTRLHTHRNR,1
P_245,RKRIRLVTKKKRRKRIRLVTKKKR,1
P_246,RPRTRLHTHRNRRPRTRLHTHRNR,1
P_247,YGRKKRRQRRRVIKPLTKSYQGSGK,1
P_248,CKGKGACRKTMYDCCSGSCGRRGKC,1
P_249,CKGKGAKCSRLMYDCCTGSCRSGKC,1
P_250,GRKKRRQRRRGGLQGRRRQGYQSIKP,1
P_251,YGRKKRRQRRRARSRLAELRGVPRGL,1
P_252,YGRKKRRQRRRARSRLKELRGVPRGL,1
P_253,YGRKKRRQRRRMKSNGSFPVNRRRMD,1
P_254,GRKKRRQRRRCRRGGSLKAAPGAGTRR,1
P_255,HSDGIFTDSYSRYRKQMAVKKYLAAVL,1
P_256,HSDGTFTSEYSRLRDSARLQRLLQGLV,1
P_257,SGSWLRDVWDWICTVLTDFKTWLQSKL,1
P_258,DAEFRHDSGYQVHHQKLVFFAEDVGSNK,1
P_259,GSSFLSPEHQKAQQRKESKKPPAKLQPR,1
P_260,GSSFLSPEHQRVQQRKESKKPPAKLQPR,1
P_261,HSDAVFTDNYTRLRKQMAVKKYLNSILN,1
P_262,RPGPPGLQGRLQRLLQANGNHAAGILTM,1
P_263,DQSRPVQPFLNLTTPRKPRPPRRRQRRKKR,1
P_264,GRKKRRQRRRPPRPKRPTTLNLFPQVPRSQ,1
P_265,CLSGSSCSHYPTSYNCCRSCNHYPYSRKCR,1
P_266,YAGFLRNHSSCHRGGRLSYSRRRFSTSTGR,1
P_267,DQSRPVQPFLNLTTPRKPRPPRRQRRKKRG,1
P_268,HADGTYTSDVSTYLQDQAKDFVSWLKSGRA,1
P_269,IKPEAPGEDASPEEASLRHYLNLVTRQRY,1
N_C1,LLRARWRRRRSRRFR,0
N_C2,LGTYTQDFNKFHTFPQTAIGVGAP,0
N_C3,VRLPPPVRLPPP,0
N_C4,TKAARITPKDVIDVRSVTTEINT,0
N_C5,VKRGLKLRHVRPRVTRMDV,0
N_C6,GRRRRRRRRR,0
N_C7,TCTWLKYHS,0
N_C8,KIWFQNRRMKWKK,0
N_C9,LLIILRRRIRRRARARSR,0
N_C10,GKRRRRATAKYRSAH,0
N_C11,LNSAGYLLGKALAALAKKIL,0
N_C12,KMDCRWRWKCKK,0
N_C13,RRLRHLRHHYRRRWHRFR,0
N_C14,RQIKIWFPNRRMKWKK,0
N_C15,KALKKLLAKWLAAAKALL,0
N_C16,ALWKTLLKKVLKAPKKKRKV,0
N_C17,SRRHHARSKAKRSRHH,0
N_C18,VSLKK,0
N_C19,RPARPAR,0
N_C20,IYLATALAKWALKQGGRRRRRRR,0
N_C21,RRRERRAEK,0
N_C22,GWTLNSAGYLLGKFLPLILRKIVTAL,0
N_C23,RLWMRWYSPTTRRAG,0
N_C24,GTKMIFVGIKKKEERADLIAYLKKA,0
N_C25,LLHILRRSIRKQAHAIRK,0
N_C26,KCGCRWRWKCGCKK,0
N_C27,RRRRRRRGGIYLATALAKWALKQGF,0
N_C28,MAPQRDTVGGRTTPPSWGPAKAQLRNSCA,0
N_C29,RQIKIWFQN,0
N_C30,RLWMRWYSPATRRYG,0
N_C31,ARRRRCSGSGSGCGSGSGSCGRRRR,0
N_C32,KDCRWRWKCCKK,0
N_C33,KIAKLKAKIQKLKQKIAKLK,0
N_C34,KCCKWRWRCK,0
N_C35,LLHILRRSIRRQAHAIRR,0
N_C36,YARAAARQARAKALARQLGVAA,0
N_C37,RRGRRG,0
N_C38,GKRARNTEAARRSRARKL,0
N_C39,RRVTSWLGRQLRIAGKRLEGRSK,0
N_C40,LKKLLKLLKKLLKLAG,0
N_C41,GWTLNSAGYLLGKINLKALAALAKKLL,0
N_C42,HHHHHHESGGGGSPGRRRRRRRRRRR,0
N_C43,KLTRAQRRAAARKNKRNTRGC,0
N_C44,PRPRPLPFPRPG,0
N_C45,MIIFAIAASHKK,0
N_C46,KWCFRVCYRGICYRRCRGK,0
N_C47,GRQLRRAGRRLRGRSR,0
N_C48,ACSSSPSKHCGGGGRRRRRRRRR,0
N_C49,SRWRWKSCKK,0
N_C50,FQWQRNMRKVRGPPVS,0
N_C51,RLVMRVYSPTTRRYG,0
N_C52,TKRRITPKDVIDVRSVTTKINT,0
N_C53,PRPRPLPFPRPG,0
N_C54,TVDNPASTTNKDKLFAVRK,0
N_C55,LLIILRRRIRAQAHAHSK,0
N_C56,WRRRRRRRR,0
N_C57,KSTGKANKITITNDKGRLSK,0
N_C58,KKPGKKTTTKPTKK,0
N_C59,RQGAARVTSWLGRQLRIAGKRLEGRSK,0
N_C60,GWTLNSAGYLLGKLKALAALAKKIL,0
N_C61,VSRRRRRRGGRRRRK,0
N_C62,WFQNRRMKWKK,0
N_C63,NTCTWLKYH,0
N_C64,RQIKIWFQNRRMKWKKC,0
N_C65,MANLGCWMLVLFVATWSDLGLCKKRPKP,0
N_C66,RQIRIWFQNRRMRWRR,0
N_C67,CRFRWKCCKK,0
N_C68,AQIKIWFQNRRMKWKK,0
N_C69,ISFDELLDYYGESGS,0
N_C70,MGLGLHLLVLAAALQGAWSQPKKKRKV,0
N_C71,HRLRHALAHLLHKLKHLLHALAHRLRH,0
N_C72,CELAGIGILTVKKKKKQKKK,0
N_C73,HHHRRRRRRRRRHHH,0
N_C74,VSRRRRRRGGRRRR,0
N_C75,VKRFKKFFRKLKKLV,0
N_C76,SRRARRSPRESGKKRKRKR,0
N_C77,ASMWERVKSIIKSSLAAASNI,0
N_C78,KFFKFFKFFK,0
N_C79,KLPCRSNTFLNIFRRKKPG,0
N_C80,CGRKKRRQRRLLRPPQ,0
N_C81,RRIRPRP,0
N_C82,RRRRRRR,0
N_C83,LLIALRRRIRKQAHAHSK,0
N_C84,KKICTRKPRFMSAWAQ,0
N_C85,VKRFKKFFRKLKKSV,0
N_C86,GKRKKKGKLGKKRPRSR,0
N_C87,GRRRRRRRRRPPQ,0
N_C88,YYYAAGRKRKKRT,0
N_C89,RHHRRHHRRHRRHHRRHHRHHR,0
N_C90,GWTLNSAGYLLGKINLKAPAALAKKIL,0
N_C91,ACRGRGRGCGSGSRSCG,0
N_C92,RQIKIWFQNR,0
N_C93,YRWRCKNQN,0
N_C94,RAIKIWFQNRRMKWKK,0
N_C95,CRGDKGDPC,0
N_C96,WIIFRIAATHKK,0
N_C97,KPRSKNPPKKPK,0
N_C98,MAMPGEPRRANVMAHKLEPASLQLRNSCA,0
N_C99,RQIKIWFQNRRMKWKA,0
N_C100,SRRHHCRSKAKRSAHH,0
N_C101,GGAYVTRSSAVRLRSSVPGVRLLQ,0
N_C102,MIIFRAAASHKK,0
N_C103,HHHHHHHHHHHHRRRRRRRRRRRRRRR,0
N_C104,ALWMRWYSPTTRRYG,0
N_C105,KKWKMRRNQFWIKIQR,0
N_C106,AAAWFW,0
N_C107,KLALKLALKAWKAALKLA,0
N_C108,GLPRRRRRRRRR,0
N_C109,WLKLWKKWLKLW,0
N_C110,KHHWHHVRLPPPVRLPPPGNHHHHHH,0
N_C111,KWFETWFTEWPKKRKGGC,0
N_C112,KRARNTEAARRSRARKLQRMKQGC,0
N_C113,LILIGRRRRRRRRGC,0
N_C114,RLWMRWYSPTTRRYA,0
N_C115,FHFHFRFR,0
N_C116,GRCTKSIPPICFPD,0
N_C117,YNNFAYSVFL,0
N_C118,RILQQLLFIHF,0
N_C119,KKWKMRRNQFWIKIQR,0
N_C120,RQIKIWFQNRRMKWK,0
N_C121,PLSSIFSRIGDP,0
N_C122,KKRRQRRR,0
N_C123,RLWMRWASPTTRRYG,0
N_C124,PPRLRKRRQLNM,0
N_C125,GALFLGWLGAAGSTMGAPKSKRKVGGC,0
N_C126,CRRRRRRRR,0
N_C127,GRKKRRQRRRC,0
N_C128,RAWMRWYSPTTRRYG,0
N_C129,YSSYSAPVSSSLSVRRSYSSSSGS,0
N_C130,FLIFIRVICIVIAKLKANLMCKT,0
N_C131,VPMIK,0
N_C132,MIIFRAAASHKK,0
N_C133,MIIYRALISHKK,0
N_C134,RLWMRWYSPWTRRWG,0
N_C135,MAARLCCQLDPARDV,0
N_C136,RKLTTIFPLNWKYRKALSLG,0
N_C137,MIIYRDLISKK,0
N_C138,FIRIGC,0
N_C139,EEEAAGRKRKKRT,0
N_C140,GLKKLAELAHKLLKLGC,0
N_C141,RQIKIFFQNRRMKFKK,0
N_C142,NNNAAGRKRKKRT,0
N_C143,HHHHHHHHRRRRRRRRRRRRRRR,0
N_C144,GRKGKHKRKKLP,0
N_C145,KMDRWRWKKK,0
N_C146,ACSGRGSGCGSGRGSCG,0
N_C147,CGGMVTVLFRRLRIRRASGPPRVRV,0
N_C148,KLALKLALKALQAALQLA,0
N_C149,VKRKKKPALWKTLLKKVLKA,0
N_C150,WIIFRIAAYHKK,0
N_C151,FVTRGCPRRLVARLIRVMVPRR,0
N_C152,KLTRAQRRAAARKNKRNTRGC,0
N_C153,HHHHHHTKRRITPKDVIDVRSVTTEINT,0
N_C154,KALAALLKKLAKLLAALK,0
N_C155,YGRKKRRQRRTALDASALQTE,0
N_C156,ACSSSPSKHCG,0
N_C157,QTRRRERRAEKQAQW,0
N_C158,GYGRKKRRQRRRG,0
N_C159,CTWLKY,0
N_C160,KMDCRWRWKCCKK,0
N_C161,RRMKWKK,0
N_C162,RKKRRRESRKKRRRESC,0
N_C163,VSGKK,0
N_C164,FLIFIRVICIVIAKLKANLMCKT,0
N_C165,GKRVAKRKLIEQNRERRR,0
N_C166,CHAIYPRH,0
N_C167,RHVYHVLLSQ,0
N_C168,VRRFLVTLRIRRA,0
N_C169,KLIKGRTPIKFGKADCDRPPKHSQNGK,0
N_C170,SRRARRSPRHLGSG,0
N_C171,HHHHHHHHRRRRRRRRRRRRRRR,0
N_C172,VKLPPPVKLPPP,0
N_C173,VPTLK,0
N_C174,YIVLRRRRKRVNTKRS,0
N_C175,GRQLRIAGRRLRGRSR,0
N_C176,CCTGRKKRRQRRR,0
N_C177,LLAILRRRIRKQAHAHSK,0
N_C178,RKKRAQRRR,0
N_C179,LLLLR,0
N_C180,RQIKIW,0
N_C181,RQIKIWFQNRRMKAKK,0
N_C182,KGRKKRRQRRRPPQ,0
N_C183,ARCSGSGSGCGSGSGSCGR,0
N_C184,GRRRRKRLSHRT,0
N_C185,RRVWRRYRRQRWCRR,0
N_C186,KKALLALALHHLAHLALHLALALKKA,0
N_C187,FITKALGISYGRKKRR,0
N_C188,RRRRRRRW,0
N_C189,GRGDSPRRSPRR,0
N_C190,CRWRWKSSKK,0
N_C191,ARRRCSGSGSGCGSGSGSCGRRR,0
N_C192,GRKKRRQRRRPPQRKC,0
N_C193,CSSLDEPGRGGFSSESKV,0
N_C194,LRRERQSRLRRERQSR,0
N_C195,KLAKLAKKLAKLAKGRKKRRQRRRP,0
N_C196,RRRRWWWW,0
N_C197,KETWWETWWTEWSQPKKKRKVC,0
N_C198,KKPTIKTTKK,0
N_C199,RQIKIWFQ,0
N_C200,CNGRC,0
N_C201,IKIWFQNRRMKWKK,0
N_C202,LLIILRRRIRKQAAAHSK,0
N_C203,GSGKKGGKKHCQKY,0
N_C204,GGGRRRRRRYGRKKRRQRR,0
N_C205,AGYLLGKLKALAALAKKIL,0
N_C206,CGGGGYGRKKRRQRRR,0
N_C207,ACRGRGRGCGRGRGRCG,0
N_C208,RILQQLLFIHFRIGCRHSRI,0
N_C209,WEARLARALARALARHLARALARA,0
N_C210,ARRRCSDRFRNCPADEALCGRRR,0
N_C211,GRQLRRAGRRLRGRSR,0
N_C212,YRWRCKNQN,0
N_C213,KLGLKLGLKGLKGGLKLG,0
N_C214,RLSGMNEVLSFRWL,0
N_C215,VKLPPP,0
N_C216,ARRCSDRFRNCPADEALCGRR,0
N_C217,YARAAARQARA,0
N_C218,GLKKLAELFHKLLKLGC,0
N_C219,RFTFHFRFEFTFHFEGGGRRRRRRR,0
N_C220,GKKKKRKREKL,0
N_C221,PPRLPRPRPRPLPFPRPG,0
N_C222,ACGRGRGRCRGRGRGCG,0
N_C223,WIIFRALISHKK,0
N_C224,GALFLAFLAAALSLMGLWSQPKKKRRV,0
N_C225,RGDRGDRRDLRLDRGDLRC,0
N_C226,RQARRNRRRC,0
N_C227,GKYVSLTTPKNPTKRRITPKDV,0
N_C228,RQIKIWFQNRRMKWKKGG,0
N_C229,RQIKIWFQNRRMAWKK,0
N_C230,QLPVM,0
N_C231,YARVRRRGPRR,0
N_C232,AAVALLPAVLLALLAPVQRKRQKLMP,0
N_C233,HALAHKLKHLLHRLRHLLHRHLRHALAH,0
N_C234,LKTLATALTKLAKTLTTL,0
N_C235,YRWRCKNQ,0
N_C236,GRCTKSIPPICWPK,0
N_C237,QIISRDLISH,0
N_C238,RLLMRLYSPTTRRYG,0
N_C239,VELPPPVELPPPVELPPP,0
N_C240,KNAWKHSSCHHRHQI,0
N_C241,RRLLRRLRR,0
N_C242,RKKRRQRRRRKKRRQRRR,0
N_C243,KLIKGRTPIKFGKADCDRPPKHSGK,0
N_C244,CGRKKRWWRQRWWRWWRPPQ,0
N_C245,AQIKIWFQNRRMKWKK,0
N_C246,RRRRRRRRC,0
N_C247,LIRLWSHLIHIWFQNRRLKWKKKC,0
N_C248,CAYGGQQGGQGGG,0
N_C249,VQAILRRNWNQYKIQ,0
N_C250,RQIKIWFQNRRMKWAK,0
N_C251,KLLAKAAKKWLLLALKAA,0
N_C252,QQHLLIAINGYPRYN,0
N_C253,WIIFKIAASHKK,0
N_C254,ACRGRGRGCGSGSGSCG,0
N_C255,IYLATALAKWALKQGGRRRRRRR,0
N_C256,IWRYSLASQQ,0
N_C257,GRRRRRRRRRPPQ,0
N_C258,LLYWFRRRHRHHRRRHRR,0
N_C259,LKTLTETLKELTKTLTEL,0
N_C260,MIIYRDL,0
N_C261,RRRRRRRW,0
N_C262,RTLVNEYKNTLKFSK,0
N_C263,GWTLNPPGYLLGKINLKALAALAKKIL,0
N_C264,KIAAKSIAKIWKSILKIA,0
N_C265,RHHLRHLRRHL,0
N_C266,RKKRRARRR,0
N_C267,NRARRNRRRVR,0
N_C268,RSVTTEINTLFQTLTSIAEKVDP,0
N_C269,RWRCKNQN,0
